{
    "name":"Advanced APP Template",
    "version":"1.0.0",
    "author":"",
    "slug":"cbtemplate-advanced-script",
    "createPackageDirectory":false,
    "type":"mvc",
    "keywords":"",
    "homepage":"",
    "documentation":"",
    "repository":{
        "type":"",
        "url":""
    },
    "bugs":"",
    "shortDescription":"",
    "contributors":[
        
    ],
    "ignore":[
        
    ],
    "devDependencies":{
        "testbox":"2.3.0+00044"
    },
    "installPaths":{
        "coldbox":"coldbox",
        "testbox":"testbox"
    },
    "dependencies":{
        "coldbox":"4.2.0+00002"
    }
}